Row Labels,STATE_ABBREVIATION,STUDYYEAR,Average of MCBTO5,Average of MC6TO11,Average of MC12TO17,Average of MC18TO23,Average of MC24TO29,Average of MC30TO35,Average of MC36TO41,Average of MC42TO47,Average of MC48TO53,Average of MC54TOSA,Average of MCSA
Alabama,AL,2008,96.82910448,96.82910448,96.82910448,96.82910448,96.82910448,87.48402985,87.48402985,87.48402985,87.48402985,87.48402985,85.34343284
Alabama,AL,2009,98.36477612,98.36477612,98.36477612,98.36477612,98.36477612,89.18970149,89.18970149,89.18970149,89.18970149,89.18970149,86.45507463
Alabama,AL,2010,99.90358209,99.90358209,99.90358209,99.90358209,99.90358209,90.89537313,90.89537313,90.89537313,90.89537313,90.89537313,87.56970149
Alabama,AL,2011,101.4397015,101.4397015,101.4397015,101.4397015,101.4397015,92.60149254,92.60149254,92.60149254,92.60149254,92.60149254,88.68313433
Alabama,AL,2012,102.9758209,102.9758209,102.9758209,102.9758209,102.9758209,94.30761194,94.30761194,94.30761194,94.30761194,94.30761194,89.79746269
Alabama,AL,2013,104.511194,104.511194,104.511194,104.511194,104.511194,96.01343284,96.01343284,96.01343284,96.01343284,96.01343284,90.91179104
Alabama,AL,2014,106.0510448,106.0510448,106.0510448,106.0510448,106.0510448,97.71865672,97.71865672,97.71865672,97.71865672,97.71865672,92.02432836
Alabama,AL,2015,108.9497015,108.9497015,108.9497015,108.9497015,108.9497015,100.2840299,100.2840299,100.2840299,100.2840299,100.2840299,94.60820896
Alabama,AL,2016,111.8513433,111.8513433,111.8513433,111.8513433,111.8513433,102.8467164,102.8467164,102.8467164,102.8467164,102.8467164,97.19044776
Alabama,AL,2017,114.7523881,114.7523881,114.7523881,114.7523881,114.7523881,105.4098507,105.4098507,105.4098507,105.4098507,105.4098507,99.77313433
Alabama,AL,2018,117.6538806,117.6538806,117.6538806,117.6538806,117.6538806,107.9744776,107.9744776,107.9744776,107.9744776,107.9744776,102.3565672
Alaska,AK,2008,,,,,,,,,,,
Alaska,AK,2009,,,,,,,,,,,
Alaska,AK,2010,,,,,,,,,,,
Alaska,AK,2011,,,,,,,,,,,
Alaska,AK,2012,,,,,,,,,,,
Alaska,AK,2013,,,,,,,,,,,
Alaska,AK,2014,201.8414286,201.8414286,201.8414286,181.6314286,181.6314286,181.6314286,159.1142857,159.1142857,159.1142857,159.1142857,160.3214286
Alaska,AK,2015,192.7963636,192.7963636,192.7963636,191.8109091,191.1454545,191.1454545,158.1827273,158.1827273,158.1827273,158.1827273,153.3227273
Alaska,AK,2016,246.1657143,246.1657143,246.1657143,229.3371429,229.3371429,229.3371429,190.6985714,190.6985714,190.6985714,190.6985714,149.7028571
Alaska,AK,2017,270.6133333,270.6133333,270.6133333,250,250,250,211.3033333,211.3033333,211.3033333,211.3033333,148.4633333
Alaska,AK,2018,319.8142857,319.8142857,319.8142857,277.0385714,277.0385714,277.0385714,229.2357143,229.2357143,229.2357143,229.2357143,147.2657143
Arizona,AZ,2008,148,148,130.8933333,130.8933333,130.8933333,130.8933333,119.5333333,119.5333333,119.5333333,119.5333333,109.2333333
Arizona,AZ,2009,153.7,153.7,133.942,133.942,133.942,133.942,122.068,122.068,122.068,122.068,110.7833333
Arizona,AZ,2010,159.4,159.4,136.99,136.99,136.99,136.99,124.6,124.6,124.6,124.6,112.3333333
Arizona,AZ,2011,161.4093333,161.4093333,141.9006667,141.9006667,141.9006667,141.9006667,129.468,129.468,129.468,129.468,115.4166667
Arizona,AZ,2012,163.4166667,163.4166667,146.81,146.81,146.81,146.81,134.3333333,134.3333333,134.3333333,134.3333333,118.5
Arizona,AZ,2013,164.6413333,164.6413333,148.37,148.37,148.37,148.37,135.4186667,135.4186667,135.4186667,135.4186667,120.118
Arizona,AZ,2014,165.8633333,165.8633333,149.9266667,149.9266667,149.9266667,149.9266667,136.5,136.5,136.5,136.5,121.7333333
Arizona,AZ,2015,168.9013333,168.9013333,151.6413333,151.6413333,151.6413333,151.6413333,137.4513333,137.4513333,137.4513333,137.4513333,123.8433333
Arizona,AZ,2016,171.9373333,171.9373333,153.3533333,153.3533333,153.3533333,153.3533333,138.404,138.404,138.404,138.404,125.9513333
Arizona,AZ,2017,174.9746667,174.9746667,155.0646667,155.0646667,155.0646667,155.0646667,139.352,139.352,139.352,139.352,128.0613333
Arizona,AZ,2018,178.01,178.01,156.7766667,156.7766667,156.7766667,156.7766667,140.3033333,140.3033333,140.3033333,140.3033333,130.1666667
Arkansas,AR,2008,,,,,,,,,,,
Arkansas,AR,2009,,,,,,,,,,,
Arkansas,AR,2010,,,,,,,,,,,
Arkansas,AR,2011,,,,,,,,,,,
Arkansas,AR,2012,,,,,,,,,,,
Arkansas,AR,2013,,,,,,,,,,,
Arkansas,AR,2014,101.0833333,101.0833333,101.0833333,94.988,94.988,94.988,88.41666667,88.41666667,88.41666667,88.41666667,80.55
Arkansas,AR,2015,103,103,103,97.76666667,97.76666667,97.76666667,90.33333333,90.33333333,90.33333333,90.33333333,81.66666667
Arkansas,AR,2016,104.9166667,104.9166667,104.9166667,100.5526667,100.5526667,100.5526667,92.25,92.25,92.25,92.25,82.78333333
Arkansas,AR,2017,106.8333333,106.8333333,106.8333333,103.3313333,103.3313333,103.3313333,94.16666667,94.16666667,94.16666667,94.16666667,83.9
Arkansas,AR,2018,108.75,108.75,108.75,106.1146667,106.1146667,106.1146667,96.08333333,96.08333333,96.08333333,96.08333333,85.01666667
California,CA,2008,245.0568966,245.0568966,245.0568966,245.0568966,174.9818966,174.9818966,174.9818966,174.9818966,174.9818966,174.9818966,136.405
California,CA,2009,264.8077586,264.8077586,264.8077586,264.8077586,197.4098276,197.4098276,197.4098276,197.4098276,197.4098276,197.4098276,153.417069
California,CA,2010,266.6881034,266.6881034,266.6881034,266.6881034,199.4851724,199.4851724,199.4851724,199.4851724,199.4851724,199.4851724,161.11
California,CA,2011,268.5687931,268.5687931,268.5687931,268.5687931,201.5605172,201.5605172,201.5605172,201.5605172,201.5605172,201.5605172,168.8025862
California,CA,2012,270.4491379,270.4491379,270.4491379,270.4491379,203.6358621,203.6358621,203.6358621,203.6358621,203.6358621,203.6358621,176.4955172
California,CA,2013,271.9224138,271.9224138,271.9224138,271.9224138,195.0203448,195.0203448,195.0203448,195.0203448,195.0203448,195.0203448,163.6458621
California,CA,2014,273.3910345,273.3910345,273.3910345,273.3910345,186.4006897,186.4006897,186.4006897,186.4006897,186.4006897,186.4006897,150.7918966
California,CA,2015,278.1058621,278.1058621,278.1058621,278.1058621,189.2393103,189.2393103,189.2393103,189.2393103,189.2393103,189.2393103,154.7881034
California,CA,2016,282.8163793,282.8163793,282.8163793,282.8163793,192.0725862,192.0725862,192.0725862,192.0725862,192.0725862,192.0725862,158.7784483
California,CA,2017,280.0851724,280.0851724,280.0851724,280.0851724,195.3358621,195.3358621,195.3358621,195.3358621,195.3358621,195.3358621,162.7505172
California,CA,2018,277.3487931,277.3487931,277.3487931,277.3487931,198.5939655,198.5939655,198.5939655,198.5939655,198.5939655,198.5939655,166.7182759
Colorado,CO,2008,,,,,,,,,,,
Colorado,CO,2009,,,,,,,,,,,
Colorado,CO,2010,,,,,,,,,,,
Colorado,CO,2011,,,,,,,,,,,
Colorado,CO,2012,,,,,,,,,,,
Colorado,CO,2013,,,,,,,,,,,
Colorado,CO,2014,,,,,,,,,,,
Colorado,CO,2015,224.8375,224.6046875,207.859375,203.5328125,199.9875,192.0765625,176.1125,176.1125,176.1125,176.1125,169.8203125
Colorado,CO,2016,,,,,,,,,,,
Colorado,CO,2017,,,,,,,,,,,
Colorado,CO,2018,,,,,,,,,,,
Connecticut,CT,2008,218.3125,218.3125,218.3125,218.3125,218.3125,218.3125,182.34375,182.34375,182.34375,182.34375,93.53125
Connecticut,CT,2009,222.875,222.875,222.875,222.875,222.875,222.875,185.875,185.875,185.875,185.875,92
Connecticut,CT,2010,227.4375,227.4375,227.4375,227.4375,227.4375,227.4375,189.40625,189.40625,189.40625,189.40625,90.46875
Connecticut,CT,2011,232,232,232,232,232,232,192.9375,192.9375,192.9375,192.9375,88.9375
Connecticut,CT,2012,241.875,241.875,241.875,241.875,241.875,241.875,201.7975,201.7975,201.7975,201.7975,90.07875
Connecticut,CT,2013,251.75,251.75,251.75,251.75,251.75,251.75,210.65625,210.65625,210.65625,210.65625,91.21875
Connecticut,CT,2014,261.625,261.625,261.625,261.625,261.625,261.625,219.51625,219.51625,219.51625,219.51625,92.36
Connecticut,CT,2015,271.5,271.5,271.5,271.5,271.5,271.5,228.375,228.375,228.375,228.375,93.5
Connecticut,CT,2016,278.79,278.79,278.79,278.79,278.79,278.79,232.625,232.625,232.625,232.625,95.54
Connecticut,CT,2017,286.085,286.085,286.085,286.085,286.085,286.085,236.875,236.875,236.875,236.875,97.585
Connecticut,CT,2018,293.375,293.375,293.375,293.375,293.375,293.375,241.125,241.125,241.125,241.125,99.625
Delaware,DE,2008,150.11,150.11,135.2666667,135.2666667,135.2666667,135.2666667,120.8766667,120.8766667,120.8766667,120.8766667,62.18666667
Delaware,DE,2009,155.6933333,155.6933333,138.89,138.89,138.89,138.89,125.85,125.85,125.85,125.85,64.33
Delaware,DE,2010,161.28,161.28,142.5066667,142.5066667,142.5066667,142.5066667,130.82,130.82,130.82,130.82,66.47333333
Delaware,DE,2011,166.8666667,166.8666667,146.13,146.13,146.13,146.13,135.7933333,135.7933333,135.7933333,135.7933333,68.61666667
Delaware,DE,2012,168.6666667,168.6666667,149.5833333,149.5833333,149.5833333,149.5833333,138.9633333,138.9633333,138.9633333,138.9633333,67.82
Delaware,DE,2013,170.4733333,170.4733333,153.0333333,153.0333333,153.0333333,153.0333333,142.1366667,142.1366667,142.1366667,142.1366667,67.03
Delaware,DE,2014,178.33,178.33,158.4033333,158.4033333,158.4033333,158.4033333,146.7933333,146.7933333,146.7933333,146.7933333,70.50333333
Delaware,DE,2015,186.1866667,186.1866667,163.7733333,163.7733333,163.7733333,163.7733333,151.4533333,151.4533333,151.4533333,151.4533333,73.97666667
Delaware,DE,2016,192.0833333,192.0833333,171.64,171.64,171.64,171.64,156.0366667,156.0366667,156.0366667,156.0366667,77.43
Delaware,DE,2017,197.9733333,197.9733333,179.5033333,179.5033333,179.5033333,179.5033333,160.61,160.61,160.61,160.61,80.87666667
Delaware,DE,2018,203.8633333,203.8633333,187.3666667,187.3666667,187.3666667,187.3666667,165.1933333,165.1933333,165.1933333,165.1933333,84.33
District of Columbia,DC,2008,,,,,,,,,,,
District of Columbia,DC,2009,,,,,,,,,,,
District of Columbia,DC,2010,,,,,,,,,,,
District of Columbia,DC,2011,,,,,,,,,,,
District of Columbia,DC,2012,303.58,303.58,282.07,282.07,253.06,253.06,236.31,236.31,237.78,237.78,248.63
District of Columbia,DC,2013,,,,,,,,,,,
District of Columbia,DC,2014,,,,,,,,,,,
District of Columbia,DC,2015,,,,,,,,,,,
District of Columbia,DC,2016,,,,,,,,,,,
District of Columbia,DC,2017,,,,,,,,,,,
District of Columbia,DC,2018,,,,,,,,,,,
Florida,FL,2008,124.4867164,124.4867164,112.1277612,112.1277612,103.8441791,103.8441791,98.02477612,98.02477612,95.54835821,95.54835821,85.39746269
Florida,FL,2009,130.2868657,130.2868657,117.2198507,117.2198507,108.798209,108.798209,102.0437313,102.0437313,98.56850746,98.56850746,89.1738806
Florida,FL,2010,135.7278788,135.7278788,125.7778788,125.7778788,113.9424242,113.9424242,105.195303,105.195303,102.5489394,102.5489394,90.85348485
Florida,FL,2011,140.3680303,140.3680303,133.7354545,133.7354545,118.4160606,118.4160606,107.7777273,107.7777273,106.0148485,106.0148485,92.16030303
Florida,FL,2012,145.0083333,145.0083333,141.6922727,141.6922727,122.8909091,122.8909091,110.3628788,110.3628788,109.479697,109.479697,93.46772727
Florida,FL,2013,149.6495455,149.6495455,149.6495455,149.6495455,127.365303,127.365303,112.9454545,112.9454545,112.9454545,112.9454545,94.77454545
Florida,FL,2014,151.355,151.355,151.4339394,151.4339394,129.4077273,129.4077273,114.56,114.56,114.5918182,114.5918182,97.05606061
Florida,FL,2015,153.0522388,153.0522388,153.2079104,153.2079104,131.4189552,131.4189552,116.160597,116.160597,116.2226866,116.2226866,99.16985075
Florida,FL,2016,155.2167692,155.2167692,155.2167692,155.2167692,133.3778462,133.3778462,117.756,117.756,117.756,117.756,101.9461538
Florida,FL,2017,157.8812308,157.8812308,157.8812308,157.8812308,135.6872308,135.6872308,119.7504615,119.7504615,119.7504615,119.7504615,103.2401538
Florida,FL,2018,,,,,,,,,,,
Georgia,GA,2008,,,,,,,,,,,
Georgia,GA,2009,,,,,,,,,,,
Georgia,GA,2010,,,,,,,,,,,
Georgia,GA,2011,,,,,,,,,,,
Georgia,GA,2012,,,,,,,,,,,
Georgia,GA,2013,,,,,,,,,,,
Georgia,GA,2014,,,,,,,,,,,
Georgia,GA,2015,,,,,,,,,,,
Georgia,GA,2016,110.5345912,110.5345912,105.5345912,105.5345912,103.6792453,103.6792453,102.7987421,102.7987421,100.591195,100.591195,93.20754717
Georgia,GA,2017,,,,,,,,,,,
Georgia,GA,2018,,,,,,,,,,,
Hawaii,HI,2008,,,,,,,,,,,
Hawaii,HI,2009,,,,,,,,,,,
Hawaii,HI,2010,,,,,,,,,,,
Hawaii,HI,2011,222.12,222.12,222.12,222.12,222.12,222.12,180.58,180.58,180.58,180.58,20.19
Hawaii,HI,2012,253.85,253.85,253.85,253.85,253.85,253.85,184.62,184.62,184.62,184.62,23.08
Hawaii,HI,2013,285.58,285.58,285.58,285.58,285.58,285.58,188.65,188.65,188.65,188.65,25.96
Hawaii,HI,2014,317.31,317.31,317.31,317.31,317.31,317.31,192.69,192.69,192.69,192.69,28.85
Hawaii,HI,2015,323.08,323.08,323.08,323.08,323.08,323.08,197.31,197.31,197.31,197.31,23.08
Hawaii,HI,2016,263.08,263.08,263.08,263.08,263.08,263.08,207.69,207.69,207.69,207.69,40.94
Hawaii,HI,2017,276.92,276.92,276.92,276.92,276.92,276.92,207.69,207.69,207.69,207.69,34.62
Hawaii,HI,2018,346.15,346.15,346.15,346.15,346.15,346.15,226.15,226.15,226.15,226.15,34.62
Idaho,ID,2008,,,,,,,,,,,
Idaho,ID,2009,,,,,,,,,,,
Idaho,ID,2010,,,,,,,,,,,
Idaho,ID,2011,,,,,,,,,,,
Idaho,ID,2012,122.3265909,122.3265909,118.5586364,118.5586364,118.5586364,109.0425,109.0425,109.0425,109.0425,109.0425,86.15204545
Idaho,ID,2013,116.0593182,116.0593182,114.7704545,114.7704545,114.7704545,105.9811364,105.9811364,105.9811364,105.9811364,105.9811364,88.28590909
Idaho,ID,2014,108.8252273,108.8252273,110.0259091,110.0259091,110.0259091,102.0118182,102.0118182,102.0118182,102.0118182,102.0118182,90.84340909
Idaho,ID,2015,101.5945455,101.5945455,105.2865909,105.2865909,105.2865909,98.04431818,98.04431818,98.04431818,98.04431818,98.04431818,93.40136364
Idaho,ID,2016,111.0388636,111.0388636,110.7645455,110.7645455,110.7645455,102.6425,102.6425,102.6425,102.6425,102.6425,96.06886364
Idaho,ID,2017,120.4843182,120.4843182,116.2472727,116.2472727,116.2472727,107.2375,107.2375,107.2375,107.2375,107.2375,98.73772727
Idaho,ID,2018,129.9340909,129.9340909,121.7231818,121.7231818,121.7231818,111.8295455,111.8295455,111.8295455,111.8295455,111.8295455,101.4090909
Illinois,IL,2008,151.8367647,151.8367647,151.8367647,151.8367647,132.5078431,132.5078431,116.7647059,116.7647059,116.7647059,116.7647059,66.49411765
Illinois,IL,2009,156.5753922,156.5753922,156.5753922,156.5753922,134.485098,134.485098,118.3651961,118.3651961,118.3651961,118.3651961,67.93333333
Illinois,IL,2010,161.3117647,161.3117647,161.3117647,161.3117647,136.4607843,136.4607843,119.9656863,119.9656863,119.9656863,119.9656863,69.37254902
Illinois,IL,2011,167.2540196,167.2540196,167.2540196,167.2540196,142.0056863,142.0056863,124.7890196,124.7890196,124.7890196,124.7890196,71.00509804
Illinois,IL,2012,173.1862745,173.1862745,173.1862745,173.1862745,147.5490196,147.5490196,129.6039216,129.6039216,129.6039216,129.6039216,72.62990196
Illinois,IL,2013,177.9493137,177.9493137,177.9493137,177.9493137,151.4004902,151.4004902,131.3012745,131.3012745,131.3012745,131.3012745,75.64235294
Illinois,IL,2014,182.7107843,182.7107843,182.7107843,182.7107843,155.2519608,155.2519608,132.9901961,132.9901961,132.9901961,132.9901961,78.64705882
Illinois,IL,2015,184.0578431,184.0578431,184.0578431,184.0578431,157.1014706,157.1014706,135.7770588,135.7770588,135.7770588,135.7770588,76.71568627
Illinois,IL,2016,185.3955882,185.3955882,185.3955882,185.3955882,158.9509804,158.9509804,138.5632353,138.5632353,138.5632353,138.5632353,74.78431373
Illinois,IL,2017,185.8318627,185.8318627,185.8318627,185.8318627,159.1568627,159.1568627,138.7059804,138.7059804,138.7059804,138.7059804,76.75490196
Illinois,IL,2018,186.2681373,186.2681373,186.2681373,186.2681373,159.3627451,159.3627451,138.8480392,138.8480392,138.8480392,138.8480392,78.7254902
Indiana,IN,2008,,,,,,,,,,,
Indiana,IN,2009,,,,,,,,,,,
Indiana,IN,2010,,,,,,,,,,,
Indiana,IN,2011,,,,,,,,,,,
Indiana,IN,2012,,,,,,,,,,,
Indiana,IN,2013,,,,,,,,,,,
Indiana,IN,2014,,,,,,,,,,,
Indiana,IN,2015,,,,,,,,,,,
Indiana,IN,2016,,,,,,,,,,,
Indiana,IN,2017,,,,,,,,,,,
Indiana,IN,2018,,,,,,,,,,,
Iowa,IA,2008,,,,,,,,,,,
Iowa,IA,2009,,,,,,,,,,,
Iowa,IA,2010,,,,,,,,,,,
Iowa,IA,2011,,,,,,,,,,,
Iowa,IA,2012,,,,,,,,,,,
Iowa,IA,2013,,,,,,,,,,,
Iowa,IA,2014,,,,,,,,,,,
Iowa,IA,2015,,,,,,,,,,,
Iowa,IA,2016,,,,,,,,,,,
Iowa,IA,2017,154.7575758,154.7575758,154.7575758,154.7575758,154.7575758,154.7575758,132.0740404,132.0740404,132.0740404,132.0740404,105.9979798
Iowa,IA,2018,,,,,,,,,,,
Kansas,KS,2008,99.50095238,99.50095238,89.18095238,84.28190476,84.28190476,80.10285714,80.10285714,80.10285714,80.10285714,80.10285714,69.79428571
Kansas,KS,2009,94.02095238,94.02095238,86.96,82.42285714,82.42285714,77.06857143,77.06857143,77.06857143,77.06857143,77.06857143,68.3447619
Kansas,KS,2010,88.54095238,88.54095238,84.73904762,80.56380952,80.56380952,74.03428571,74.03428571,74.03428571,74.03428571,74.03428571,66.8952381
Kansas,KS,2011,90.72761905,90.72761905,82.01333333,81.52571429,81.52571429,74.79047619,74.79047619,74.79047619,74.79047619,74.79047619,69.53333333
Kansas,KS,2012,92.91428571,92.91428571,79.28761905,82.48761905,82.48761905,75.54666667,75.54666667,75.54666667,75.54666667,75.54666667,72.17142857
Kansas,KS,2013,104.1295238,104.1295238,97.64952381,94.86857143,94.86857143,85.17714286,85.17714286,85.17714286,85.17714286,85.17714286,73.76
Kansas,KS,2014,106.4247619,106.4247619,102.0361905,99.67428571,99.67428571,88.59714286,88.59714286,88.59714286,88.59714286,88.59714286,76.81714286
Kansas,KS,2015,108.72,108.72,106.4228571,104.48,104.48,92.01714286,92.01714286,92.01714286,92.01714286,92.01714286,79.87428571
Kansas,KS,2016,111.0152381,111.0152381,110.8095238,109.2857143,109.2857143,95.43714286,95.43714286,95.43714286,95.43714286,95.43714286,82.93142857
Kansas,KS,2017,113.3104762,113.3104762,115.1961905,114.0914286,114.0914286,98.85714286,98.85714286,98.85714286,98.85714286,98.85714286,85.98857143
Kansas,KS,2018,115.8352381,115.8352381,119.5828571,118.8971429,118.8971429,102.2771429,102.2771429,102.2771429,102.2771429,102.2771429,89.04571429
Kentucky,KY,2008,95.52083333,95.52083333,95.52083333,95.52083333,87.12775,87.12775,87.12775,87.12775,87.12775,87.12775,84.54508333
Kentucky,KY,2009,100.4041667,100.4041667,100.4041667,100.4041667,91.58616667,91.58616667,91.58616667,91.58616667,91.58616667,91.58616667,85.93833333
Kentucky,KY,2010,105.285,105.285,105.285,105.285,96.04575,96.04575,96.04575,96.04575,96.04575,96.04575,87.33133333
Kentucky,KY,2011,110.168,110.168,110.168,110.168,100.5060833,100.5060833,100.5060833,100.5060833,100.5060833,100.5060833,88.72425
Kentucky,KY,2012,112.2014167,112.2014167,112.2014167,112.2014167,102.8560833,102.8560833,102.8560833,102.8560833,102.8560833,102.8560833,92.77208333
Kentucky,KY,2013,114.2344167,114.2344167,114.2344167,114.2344167,105.2075833,105.2075833,105.2075833,105.2075833,105.2075833,105.2075833,96.81916667
Kentucky,KY,2014,116.1565833,116.1565833,112.1715833,112.1715833,104.4006667,104.4006667,104.4006667,104.3798333,104.3798333,104.4006667,96.05575
Kentucky,KY,2015,118.0708333,118.0708333,110.1008333,110.1008333,103.5929167,103.5929167,103.5929167,103.55125,103.55125,103.5929167,95.29166667
Kentucky,KY,2016,118.5770833,118.5770833,113.90875,113.90875,106.2560833,106.2560833,106.2560833,106.23525,106.23525,106.2560833,95.625
Kentucky,KY,2017,119.0833333,119.0833333,117.7166667,117.7166667,108.9166667,108.9166667,108.9166667,108.9166667,108.9166667,108.9166667,95.95833333
Kentucky,KY,2018,119.5895833,119.5895833,121.5245833,121.5245833,111.5798333,111.5798333,111.5798333,111.6006667,111.6006667,111.5798333,96.29166667
Louisiana,LA,2008,99.3240625,99.3240625,96.37890625,96.37890625,96.37890625,96.37890625,92.24015625,92.24015625,91.76515625,91.76515625,90.77109375
Louisiana,LA,2009,102.341875,102.341875,99,99,99,99,95.69,95.69,95.1153125,95.1153125,93.87265625
Louisiana,LA,2010,107.71875,107.71875,103.545,103.545,103.545,103.545,99.13421875,99.13421875,99.2253125,99.2253125,97.1484375
Louisiana,LA,2011,110.624375,110.624375,106.2360938,106.2360938,106.2360938,106.2360938,102.4809375,102.4809375,102.0271875,102.0271875,100.9545313
Louisiana,LA,2012,113.52875,113.52875,108.9257813,108.9257813,108.9257813,108.9257813,105.8265625,105.8265625,104.8276563,104.8276563,104.7582813
Louisiana,LA,2013,114.5376563,114.5376563,111.171875,111.171875,111.171875,111.171875,107.5165625,107.5165625,106.9914063,106.9914063,105.7579688
Louisiana,LA,2014,115.5445313,115.5445313,113.4154688,113.4154688,113.4154688,113.4154688,109.2040625,109.2040625,109.1520313,109.1520313,106.7548438
Louisiana,LA,2015,116.5534375,116.5534375,115.6615625,115.6615625,115.6615625,115.6615625,110.8940625,110.8940625,111.3157813,111.3157813,107.7545313
Louisiana,LA,2016,117.5603125,117.5603125,119.8520313,119.8520313,119.8520313,119.8520313,112.5815625,112.5815625,113.4764063,113.4764063,108.7514063
Louisiana,LA,2017,,,,,,,,,,,
Louisiana,LA,2018,,,,,,,,,,,
Maine,ME,2008,,,,,,,,,,,
Maine,ME,2009,,,,,,,,,,,
Maine,ME,2010,,,,,,,,,,,
Maine,ME,2011,,,,,,,,,,,
Maine,ME,2012,163.03125,163.03125,160.255,160.255,160.255,160.255,142.206875,142.206875,142.206875,142.206875,120.519375
Maine,ME,2013,166.375,166.375,160.878125,160.878125,160.878125,160.878125,145.434375,145.434375,145.434375,145.434375,110.10625
Maine,ME,2014,169.71875,169.71875,161.501875,161.501875,161.501875,161.501875,148.66375,148.66375,148.66375,148.66375,100.75625
Maine,ME,2015,173.0625,173.0625,162.125,162.125,162.125,162.125,151.89125,151.89125,151.89125,151.89125,91.405625
Maine,ME,2016,176.313125,176.313125,165.095,165.095,165.095,165.095,155.291875,155.291875,155.291875,155.291875,94.70875
Maine,ME,2017,179.56625,179.56625,168.06125,168.06125,168.06125,168.06125,158.693125,158.693125,158.693125,158.693125,98.009375
Maine,ME,2018,182.816875,182.816875,171.03125,171.03125,171.03125,171.03125,162.09375,162.09375,162.09375,162.09375,101.3125
Maryland,MD,2008,,,,,,,,,,,
Maryland,MD,2009,,,,,,,,,,,
Maryland,MD,2010,,,,,,,,,,,
Maryland,MD,2011,,,,,,,,,,,
Maryland,MD,2012,,,,,,,,,,,
Maryland,MD,2013,214.69125,214.69125,214.69125,214.69125,159.56875,159.56875,159.56875,159.56875,159.56875,159.56875,151.0195833
Maryland,MD,2014,217.4583333,217.4583333,217.4583333,217.4583333,160.36875,160.36875,160.36875,160.36875,160.36875,160.36875,150.7916667
Maryland,MD,2015,220.2254167,220.2254167,220.2254167,220.2254167,161.16875,161.16875,161.16875,161.16875,161.16875,161.16875,150.56375
Maryland,MD,2016,222.9941667,222.9941667,222.9941667,222.9941667,161.96625,161.96625,161.96625,161.96625,161.96625,161.96625,150.3325
Maryland,MD,2017,225.7591667,225.7591667,225.7591667,225.7591667,162.7641667,162.7641667,162.7641667,162.7641667,162.7641667,162.7641667,150.1045833
Maryland,MD,2018,228.5266667,228.5266667,228.5266667,228.5266667,163.5620833,163.5620833,163.5620833,163.5620833,163.5620833,163.5620833,149.8741667
Massachusetts,MA,2008,284.2285714,284.2285714,284.2285714,259.7464286,259.7464286,259.7464286,208.3642857,208.3642857,208.3642857,208.3642857,86.43571429
Massachusetts,MA,2009,284.3078571,284.3078571,284.3078571,261.7585714,261.7585714,261.7585714,208.8657143,208.8657143,208.8657143,208.8657143,87.79928571
Massachusetts,MA,2010,284.385,284.385,284.385,263.7735714,263.7735714,263.7735714,209.37,209.37,209.37,209.37,89.165
Massachusetts,MA,2011,284.4642857,284.4642857,284.4642857,265.7857143,265.7857143,265.7857143,209.8714286,209.8714286,209.8714286,209.8714286,90.52857143
Massachusetts,MA,2012,290.6342857,290.6342857,290.6342857,270.7564286,270.7564286,270.7564286,215.0807143,215.0807143,215.0807143,215.0807143,119.8792857
Massachusetts,MA,2013,296.8035714,296.8035714,296.8035714,275.7271429,275.7271429,275.7271429,220.2878571,220.2878571,220.2878571,220.2878571,149.2285714
Massachusetts,MA,2014,302.9735714,302.9735714,302.9735714,280.6971429,280.6971429,280.6971429,225.4964286,225.4964286,225.4964286,225.4964286,178.5792857
Massachusetts,MA,2015,309.1428571,309.1428571,309.1428571,285.6678571,285.6678571,285.6678571,230.7035714,230.7035714,230.7035714,230.7035714,207.9285714
Massachusetts,MA,2016,318.8121429,318.8121429,318.8121429,293.8878571,293.8878571,293.8878571,234.6785714,234.6785714,234.6785714,234.6785714,205.0028571
Massachusetts,MA,2017,328.4735714,328.4735714,328.4735714,302.1121429,302.1121429,302.1121429,238.6535714,238.6535714,238.6535714,238.6535714,202.0757143
Massachusetts,MA,2018,338.1428571,338.1428571,338.1428571,310.3321429,310.3321429,310.3321429,242.6285714,242.6285714,242.6285714,242.6285714,199.15
Michigan,MI,2008,135.0061446,135.0061446,135.0061446,135.0061446,135.0061446,119.0621687,114.8145783,114.8145783,113.9645783,113.9645783,116.6837349
Michigan,MI,2009,118.9343373,118.9343373,118.9343373,118.9343373,118.9343373,118.9343373,110.4387952,110.4387952,108.74,108.74,114.1771084
Michigan,MI,2010,127.743253,127.743253,127.743253,127.743253,127.743253,127.743253,119.2274699,119.2274699,118.3778313,118.3778313,121.0968675
Michigan,MI,2011,136.5510843,136.5510843,136.5510843,136.5510843,136.5510843,136.5510843,128.016747,128.016747,128.016747,128.016747,128.016747
Michigan,MI,2012,140.9604819,140.9604819,140.9604819,140.9604819,140.9604819,135.8296386,131.5625301,131.5625301,131.5625301,131.5625301,128.1416867
Michigan,MI,2013,145.369759,145.369759,145.369759,145.369759,145.369759,135.1080723,135.1080723,135.1080723,135.1080723,135.1080723,128.2671084
Michigan,MI,2014,148.4222892,148.4222892,148.4222892,148.4222892,148.4222892,143.2918072,131.0714458,131.0714458,131.0714458,131.0714458,133.0514458
Michigan,MI,2015,151.4757831,151.4757831,151.4757831,151.4757831,151.4757831,151.4757831,127.0350602,127.0350602,127.0350602,127.0350602,137.8343373
Michigan,MI,2016,157.3906024,157.3906024,157.3906024,157.3906024,157.3906024,150.3391566,134.0455422,134.0455422,134.0455422,134.0455422,136.5449398
Michigan,MI,2017,163.3049398,163.3049398,163.3049398,163.3049398,163.3049398,149.2033735,141.0560241,141.0560241,141.0560241,141.0560241,135.2554217
Michigan,MI,2018,169.2192771,169.2192771,169.2192771,169.2192771,169.2192771,148.0666265,148.0666265,148.0666265,148.0666265,148.0666265,133.9656627
Minnesota,MN,2008,179.5181609,179.5181609,179.5181609,179.5181609,161.8275862,161.8275862,142.7990805,142.7990805,142.7990805,142.7990805,126.8264368
Minnesota,MN,2009,176.1963218,176.1963218,176.1963218,176.1963218,158.0344828,158.0344828,144.6257471,144.6257471,144.6257471,144.6257471,127.3964368
Minnesota,MN,2010,163.5977011,163.5977011,163.5977011,163.5977011,148.6149425,148.6149425,142.4712644,142.4712644,142.4712644,142.4712644,129.3333333
Minnesota,MN,2011,178.2068966,178.2068966,178.2068966,178.2068966,162.6695402,162.6695402,148.3908046,148.3908046,148.3908046,148.3908046,134.2873563
Minnesota,MN,2012,171.6781609,171.6781609,171.6781609,171.6781609,157.8735632,157.8735632,144.2241379,144.2241379,144.2241379,144.2241379,126.0344828
Minnesota,MN,2013,172.1860465,172.1860465,172.1860465,172.1860465,158.4244186,158.4244186,146.7412791,146.7412791,146.7412791,146.7412791,129.505814
Minnesota,MN,2014,172.6744186,172.6744186,172.6744186,172.6744186,159,159,149.2674419,149.2674419,149.2674419,149.2674419,132.9651163
Minnesota,MN,2015,182.25,182.25,182.25,182.25,167.3255814,167.3255814,153.0406977,153.0406977,153.0406977,153.0406977,133.2674419
Minnesota,MN,2016,191.8255814,191.8255814,191.8255814,191.8255814,175.6511628,175.6511628,156.8139535,156.8139535,156.8139535,156.8139535,133.5697674
Minnesota,MN,2017,198.0348837,198.0348837,198.0348837,198.0348837,179.4302326,179.4302326,164.6627907,164.6627907,164.6627907,164.6627907,142.4127907
Minnesota,MN,2018,203.908046,203.908046,203.908046,203.908046,182.908046,182.908046,172.2643678,172.2643678,172.2643678,172.2643678,151.2068966
Mississippi,MS,2008,,,,,,,,,,,
Mississippi,MS,2009,,,,,,,,,,,
Mississippi,MS,2010,62.07829268,62.07829268,62.74829268,62.74829268,57.36621951,57.36621951,57.36621951,57.36621951,57.36621951,57.36621951,50.17097561
Mississippi,MS,2011,71.76121951,71.76121951,68.17243902,68.17243902,64.58597561,64.58597561,64.58597561,64.58597561,64.58597561,64.58597561,57.40890244
Mississippi,MS,2012,82.61402439,82.61402439,73.59853659,73.59853659,71.8045122,71.8045122,71.8045122,71.8045122,71.8045122,71.8045122,64.64695122
Mississippi,MS,2013,93.46707317,93.46707317,79.02402439,79.02402439,79.02402439,79.02402439,79.02402439,79.02402439,79.02402439,79.02402439,71.88414634
Mississippi,MS,2014,88.67512195,88.67512195,76.40926829,76.40926829,76.40926829,76.40926829,76.40926829,76.40926829,76.40926829,76.40926829,70.33256098
Mississippi,MS,2015,83.88414634,83.88414634,73.79658537,73.79658537,73.79658537,73.79658537,73.79658537,73.79658537,73.79658537,73.79658537,68.78073171
Mississippi,MS,2016,79.09268293,79.09268293,71.18304878,71.18304878,71.18304878,71.18304878,71.18304878,71.18304878,71.18304878,71.18304878,67.22756098
Mississippi,MS,2017,74.30121951,74.30121951,68.5697561,68.5697561,68.5697561,68.5697561,68.5697561,68.5697561,68.5697561,68.5697561,65.67609756
Mississippi,MS,2018,70.0647561,70.0647561,65.95670732,65.95670732,65.95670732,65.95670732,65.95670732,65.95670732,65.95670732,65.95670732,64.12426829
Missouri,MO,2008,,,,,,,,,,,
Missouri,MO,2009,,,,,,,,,,,
Missouri,MO,2010,,,,,,,,,,,
Missouri,MO,2011,,,,,,,,,,,
Missouri,MO,2012,,,,,,,,,,,
Missouri,MO,2013,,,,,,,,,,,
Missouri,MO,2014,,,,,,,,,,,
Missouri,MO,2015,130.2314286,130.2314286,130.2314286,130.2314286,112.5457143,112.5457143,112.5457143,112.5457143,112.5457143,112.5457143,72.83714286
Missouri,MO,2016,118.9953846,118.9953846,118.9953846,118.9953846,97.38692308,97.38692308,99.14153846,99.14153846,99.14153846,99.14153846,64.53692308
Missouri,MO,2017,177.87,177.87,177.87,177.87,139.5571429,139.5571429,139.5571429,139.5571429,139.5571429,139.5571429,107.0542857
Missouri,MO,2018,140.4293333,140.4293333,140.4293333,140.4293333,108.7086667,108.7086667,108.7086667,108.7086667,108.7086667,108.7086667,95.824
Montana,MT,2008,,,,,,,,,,,
Montana,MT,2009,,,,,,,,,,,
Montana,MT,2010,,,,,,,,,,,
Montana,MT,2011,,,,,,,,,,,
Montana,MT,2012,,,,,,,,,,,
Montana,MT,2013,,,,,,,,,,,
Montana,MT,2014,,,,,,,,,,,
Montana,MT,2015,,,,,,,,,,,
Montana,MT,2016,142.3971429,142.3971429,142.3971429,142.3971429,124.5975,124.5975,124.5975,124.5975,124.5975,124.5975,124.5975
Montana,MT,2017,,,,,,,,,,,
Montana,MT,2018,,,,,,,,,,,
Nebraska,NE,2008,,,,,,,,,,,
Nebraska,NE,2009,,,,,,,,,,,
Nebraska,NE,2010,,,,,,,,,,,
Nebraska,NE,2011,,,,,,,,,,,
Nebraska,NE,2012,,,,,,,,,,,
Nebraska,NE,2013,,,,,,,,,,,
Nebraska,NE,2014,,,,,,,,,,,
Nebraska,NE,2015,,,,,,,,,,,
Nebraska,NE,2016,115.7763441,115.7763441,115.7763441,102.8215054,102.8215054,102.8215054,95.8344086,95.8344086,95.8344086,95.8344086,101.1698925
Nebraska,NE,2017,135.2989247,135.2989247,135.2989247,121.9612903,121.9612903,121.9612903,117.0795699,117.0795699,117.0795699,117.0795699,120.3096774
Nebraska,NE,2018,156.7569892,156.7569892,156.7569892,143.0021505,143.0021505,143.0021505,140.2602151,140.2602151,140.2602151,140.2602151,141.8752688
Nevada,NV,2008,167.0923529,167.0923529,147.5335294,147.5335294,147.5335294,147.5335294,129.8158824,129.8158824,129.8158824,129.8158824,121.4041176
Nevada,NV,2009,139.6170588,139.6170588,126.1311765,126.1311765,126.1311765,126.1311765,114.0288235,114.0288235,114.0288235,114.0288235,102.7647059
Nevada,NV,2010,141.9752941,141.9752941,129.2870588,129.2870588,129.2870588,129.2870588,119.6829412,119.6829412,119.6829412,119.6829412,109.8305882
Nevada,NV,2011,144.3352941,144.3352941,132.4394118,132.4394118,132.4394118,132.4394118,125.3370588,125.3370588,125.3370588,125.3370588,116.8923529
Nevada,NV,2012,157.9735294,157.9735294,143.1335294,143.1335294,143.1335294,143.1335294,127.8882353,127.8882353,127.8882353,127.8882353,116.1752941
Nevada,NV,2013,144.8664706,144.8664706,133.5688235,133.5688235,133.5688235,133.5688235,127.2741176,127.2741176,127.2741176,127.2741176,127.87
Nevada,NV,2014,142.0294118,142.0294118,140.1923529,140.1923529,140.1923529,140.1923529,139.1994118,139.1994118,123.2194118,123.2194118,120.9070588
Nevada,NV,2015,154.1633333,154.1633333,153.8106667,153.8106667,153.8106667,153.8106667,156.774,156.774,125.7286667,125.7286667,127.8606667
Nevada,NV,2016,147.9606667,147.9606667,153.4306667,153.4306667,153.4306667,153.4306667,146.0326667,146.0326667,127.576,127.576,126.8273333
Nevada,NV,2017,,,,,,,,,,,
Nevada,NV,2018,,,,,,,,,,,
New Hampshire,NH,2008,,,,,,,,,,,
New Hampshire,NH,2009,,,,,,,,,,,
New Hampshire,NH,2010,,,,,,,,,,,
New Hampshire,NH,2011,,,,,,,,,,,
New Hampshire,NH,2012,,,,,,,,,,,
New Hampshire,NH,2013,,,,,,,,,,,
New Hampshire,NH,2014,,,,,,,,,,,
New Hampshire,NH,2015,,,,,,,,,,,
New Hampshire,NH,2016,,,,,,,,,,,
New Hampshire,NH,2017,,,,,,,,,,,
New Hampshire,NH,2018,216.569,216.569,204.737,204.737,200.189,200.189,178.805,178.805,178.805,178.805,172.892
New Jersey,NJ,2008,191.4185714,191.4185714,191.4185714,177.062381,177.062381,153.1352381,153.1352381,153.1352381,153.1352381,153.1352381,95.70952381
New Jersey,NJ,2009,191.4185714,191.4185714,191.4185714,178.4647619,178.4647619,162.7061905,162.7061905,162.7061905,162.7061905,162.7061905,98.10333333
New Jersey,NJ,2010,191.4185714,191.4185714,191.4185714,179.867619,179.867619,172.2771429,172.2771429,172.2771429,172.2771429,172.2771429,100.4942857
New Jersey,NJ,2011,191.7109524,191.7109524,191.7109524,185.9352381,185.9352381,170.1404762,170.1404762,170.1404762,170.1404762,170.1404762,98.24809524
New Jersey,NJ,2012,192.002381,192.002381,192.002381,192.002381,192.002381,168.0033333,168.0033333,168.0033333,168.0033333,168.0033333,96.00142857
New Jersey,NJ,2013,200.3709524,200.3709524,200.3709524,196.7280952,196.7280952,172.1566667,172.1566667,172.1566667,172.1566667,172.1566667,112.67
New Jersey,NJ,2014,208.7395238,208.7395238,208.7395238,201.4538095,201.4538095,176.3104762,176.3104762,176.3104762,176.3104762,176.3104762,129.3380952
New Jersey,NJ,2015,217.1080952,217.1080952,217.1080952,206.1795238,206.1795238,180.4642857,180.4642857,180.4642857,180.4642857,180.4642857,146.0061905
New Jersey,NJ,2016,225.4761905,225.4761905,225.4761905,210.9047619,210.9047619,184.6190476,184.6190476,184.6190476,184.6190476,184.6190476,162.6742857
New Jersey,NJ,2017,233.8442857,233.8442857,233.8442857,215.63,215.63,188.7738095,188.7738095,188.7738095,188.7738095,188.7738095,179.342381
New Jersey,NJ,2018,242.2128571,242.2128571,242.2128571,220.3557143,220.3557143,192.927619,192.927619,192.927619,192.927619,192.927619,193.6004762
New Mexico,NM,2008,,,,,,,,,,,
New Mexico,NM,2009,,,,,,,,,,,
New Mexico,NM,2010,,,,,,,,,,,
New Mexico,NM,2011,,,,,,,,,,,
New Mexico,NM,2012,,,,,,,,,,,
New Mexico,NM,2013,,,,,,,,,,,
New Mexico,NM,2014,,,,,,,,,,,
New Mexico,NM,2015,,,,,,,,,,,
New Mexico,NM,2016,,,,,,,,,,,
New Mexico,NM,2017,,,,,,,,,,,
New Mexico,NM,2018,,,,,,,,,,,
New York,NY,2008,,,,,,,,,,,
New York,NY,2009,,,,,,,,,,,
New York,NY,2010,,,,,,,,,,,
New York,NY,2011,,,,,,,,,,,
New York,NY,2012,,,,,,,,,,,
New York,NY,2013,,,,,,,,,,,
New York,NY,2014,,,,,,,,,,,
New York,NY,2015,,,,,,,,,,,
New York,NY,2016,,,,,,,,,,,
New York,NY,2017,,,,,,,,,,,
New York,NY,2018,249.2806452,249.2806452,249.2806452,228.4048387,228.4048387,228.4048387,213.9603226,213.9603226,213.9603226,213.9603226,195.8517742
North Carolina,NC,2008,,,,,,,,,,,
North Carolina,NC,2009,,,,,,,,,,,
North Carolina,NC,2010,,,,,,,,,,,
North Carolina,NC,2011,,,,,,,,,,,
North Carolina,NC,2012,,,,,,,,,,,
North Carolina,NC,2013,,,,,,,,,,,
North Carolina,NC,2014,157.8244444,157.8244444,162.0117172,162.0117172,149.8451515,149.8451515,146.8210101,146.8210101,146.8210101,146.8210101,113.2771717
North Carolina,NC,2015,159.5948,159.5948,159.5948,159.5948,147.7303,147.7303,139.7086,139.7086,139.7086,139.7086,107.7891
North Carolina,NC,2016,161.8424242,161.8424242,157.6542424,157.6542424,146.0554545,146.0554545,133.0132323,133.0132323,133.0132323,133.0132323,102.6235354
North Carolina,NC,2017,163.8514141,163.8514141,155.4760606,155.4760606,144.1609091,144.1609091,126.1093939,126.1093939,126.1093939,126.1093939,97.29717172
North Carolina,NC,2018,165.8611111,165.8611111,153.2969697,153.2969697,142.2654545,142.2654545,119.2041414,119.2041414,119.2041414,119.2041414,91.97060606
North Dakota,ND,2008,110.8564151,110.8564151,112.9596226,112.9596226,107.6903774,107.6903774,110.9645283,110.9645283,95.56660377,95.56660377,83.48169811
North Dakota,ND,2009,113.3056604,113.3056604,113.3056604,113.3056604,108.265283,108.265283,108.265283,108.265283,97.0654717,97.0654717,72.7990566
North Dakota,ND,2010,115.754717,115.754717,113.650566,113.650566,108.8388679,108.8388679,105.5664151,105.5664151,98.56415094,98.56415094,62.11603774
North Dakota,ND,2011,118.2043396,118.2043396,113.9958491,113.9958491,109.4143396,109.4143396,102.8673585,102.8673585,100.0618868,100.0618868,51.43396226
North Dakota,ND,2012,123.4398113,123.4398113,120.2824528,120.2824528,114.5403774,114.5403774,109.6303774,109.6303774,103.8741509,103.8741509,60.67660377
North Dakota,ND,2013,128.6741509,128.6741509,126.5698113,126.5698113,119.6667925,119.6667925,116.3928302,116.3928302,107.6867925,107.6867925,69.92
North Dakota,ND,2014,133.9088679,133.9088679,132.8571698,132.8571698,124.7928302,124.7928302,123.1558491,123.1558491,111.5001887,111.5001887,79.16301887
North Dakota,ND,2015,139.1445283,139.1445283,139.1445283,139.1445283,129.9190566,129.9190566,129.9190566,129.9190566,115.3126415,115.3126415,88.40566038
North Dakota,ND,2016,144.0303774,144.0303774,140.2120755,140.2120755,135.5990566,135.5990566,127.9626415,127.9626415,120.6596226,120.6596226,76.65849057
North Dakota,ND,2017,148.9164151,148.9164151,141.2792453,141.2792453,141.2792453,141.2792453,126.0062264,126.0062264,126.0062264,126.0062264,64.91207547
North Dakota,ND,2018,153.8033962,153.8033962,142.3479245,142.3479245,146.9603774,146.9603774,124.05,124.05,131.3533962,131.3533962,56.85981132
Ohio,OH,2008,,,,,,,,,,,
Ohio,OH,2009,160.8532955,160.8532955,160.8532955,147.84875,147.84875,147.84875,136.3794318,136.3794318,136.3794318,136.3794318,86.22102273
Ohio,OH,2010,161.2268182,161.2268182,161.2268182,147.1065909,147.1065909,147.1065909,131.2826136,131.2826136,131.2826136,131.2826136,91.16977273
Ohio,OH,2011,162.3398864,162.3398864,162.3398864,146.9686364,146.9686364,146.9686364,126.1892045,126.1892045,126.1892045,126.1892045,98.69431818
Ohio,OH,2012,163.4486364,163.4486364,163.4486364,146.82625,146.82625,146.82625,121.0923864,121.0923864,121.0923864,121.0923864,106.2145455
Ohio,OH,2013,168.6852273,168.6852273,168.6852273,155.0572727,155.0572727,155.0572727,133.0215909,133.0215909,133.0215909,133.0215909,106.0467045
Ohio,OH,2014,173.9143182,173.9143182,173.9143182,163.2807955,163.2807955,163.2807955,144.9494318,144.9494318,144.9494318,144.9494318,105.8753409
Ohio,OH,2015,177.2559091,177.2559091,177.2559091,164.3863636,164.3863636,164.3863636,146.6414773,146.6414773,146.6414773,146.6414773,106.6473864
Ohio,OH,2016,180.5903409,180.5903409,180.5903409,165.4860227,165.4860227,165.4860227,148.32875,148.32875,148.32875,148.32875,107.4130682
Ohio,OH,2017,183.0242045,183.0242045,183.0242045,165.7559091,165.7559091,165.7559091,148.4577273,148.4577273,148.4577273,148.4577273,99.10568182
Ohio,OH,2018,185.4509091,185.4509091,185.4509091,166.0227273,166.0227273,166.0227273,148.5795455,148.5795455,148.5795455,148.5795455,90.79545455
Oklahoma,OK,2008,113.2015584,113.2015584,106.0383117,106.0383117,95.70038961,95.70038961,95.70038961,95.70038961,81.88766234,81.88766234,60.35415584
Oklahoma,OK,2009,120.6016883,120.6016883,111.2072727,111.2072727,100.7619481,100.7619481,100.7619481,100.7619481,87.7212987,87.7212987,63.76519481
Oklahoma,OK,2010,128.0009091,128.0009091,116.3757143,116.3757143,105.8237662,105.8237662,105.8237662,105.8237662,93.55467532,93.55467532,67.17441558
Oklahoma,OK,2011,130.3783117,130.3783117,120.1707792,120.1707792,109.3102597,109.3102597,109.3102597,109.3102597,97.37922078,97.37922078,65.3325974
Oklahoma,OK,2012,132.7563636,132.7563636,123.9649351,123.9649351,112.7963636,112.7963636,112.7963636,112.7963636,101.2028571,101.2028571,63.48987013
Oklahoma,OK,2013,138.577013,138.577013,126.9444156,126.9444156,115.5320779,115.5320779,115.5320779,115.5320779,102.8823377,102.8823377,66.35012987
Oklahoma,OK,2014,144.3976623,144.3976623,129.9248052,129.9248052,118.2681818,118.2681818,118.2681818,118.2681818,104.5627273,104.5627273,69.21012987
Oklahoma,OK,2015,145.4744156,145.4744156,132.6490909,132.6490909,119.9519481,119.9519481,119.9519481,119.9519481,106.3154545,106.3154545,72.9512987
Oklahoma,OK,2016,146.55,146.55,135.3742857,135.3742857,121.6366234,121.6366234,121.6366234,121.6366234,108.0692208,108.0692208,76.69298701
Oklahoma,OK,2017,147.6257143,147.6257143,138.1007792,138.1007792,123.3207792,123.3207792,123.3207792,123.3207792,109.8222078,109.8222078,80.4338961
Oklahoma,OK,2018,148.7019481,148.7019481,140.8254545,140.8254545,125.0048052,125.0048052,125.0048052,125.0048052,111.5757143,111.5757143,84.17519481
Oregon,OR,2008,132.4027778,132.4027778,131.415,131.415,131.415,104.2775,104.2775,104.2775,104.2775,104.2775,68.48805556
Oregon,OR,2009,142.5436111,142.5436111,136.1105556,136.1105556,136.1105556,111.5808333,111.5808333,111.5808333,111.5808333,111.5808333,61.93333333
Oregon,OR,2010,152.6852778,152.6852778,140.8033333,140.8033333,140.8033333,118.8744444,118.8744444,118.8744444,118.8744444,118.8744444,55.37638889
Oregon,OR,2011,154.4241667,154.4241667,144.4205556,144.4205556,144.4205556,119.7588889,119.7588889,119.7588889,119.7588889,119.7588889,66.51833333
Oregon,OR,2012,156.1616667,156.1616667,148.0388889,148.0388889,148.0388889,120.6375,120.6375,120.6375,120.6375,120.6375,77.66305556
Oregon,OR,2013,156.6433333,156.6433333,152.5791667,152.5791667,150.8497222,137.1511111,137.1511111,137.1511111,120.4775,120.4775,79.595
Oregon,OR,2014,157.1211111,157.1211111,157.1211111,157.1211111,153.6597222,153.6597222,153.6597222,153.6597222,120.3147222,120.3147222,81.52944444
Oregon,OR,2015,162.74,162.74,162.74,162.74,156.1405556,156.1405556,156.1405556,156.1405556,125.3663889,125.3663889,75.14222222
Oregon,OR,2016,168.3580556,168.3580556,168.3580556,168.3580556,158.6144444,158.6144444,158.6144444,158.6144444,130.4183333,130.4183333,68.75555556
Oregon,OR,2017,175.7472222,175.7472222,175.7472222,175.7472222,168.0511111,168.0511111,168.0511111,168.0511111,135.5522222,135.5522222,97.31472222
Oregon,OR,2018,183.1363889,183.1363889,183.1363889,183.1363889,177.4872222,177.4872222,177.4872222,177.4872222,140.68,140.68,125.8747222
Pennsylvania,PA,2008,150.5686567,150.5686567,144.0850746,144.0850746,138.611194,138.611194,129.4925373,129.4925373,129.4925373,129.4925373,124.8358209
Pennsylvania,PA,2009,156.1874627,156.1874627,149.1897015,149.1897015,144.5708955,144.5708955,132.6746269,132.6746269,132.6746269,132.6746269,127.4035821
Pennsylvania,PA,2010,159.5249254,159.5249254,151.5570149,151.5570149,146.011194,146.011194,136.8022388,136.8022388,136.8022388,136.8022388,130.5216418
Pennsylvania,PA,2011,161.7501493,161.7501493,154.2043284,154.2043284,148.7868657,148.7868657,139.4983582,139.4983582,139.4983582,139.4983582,132.6789552
Pennsylvania,PA,2012,163.9731343,163.9731343,156.85,156.85,151.561194,151.561194,142.1932836,142.1932836,142.1932836,142.1932836,134.8343284
Pennsylvania,PA,2013,166.3949254,166.3949254,159.1553731,159.1553731,153.6910448,153.6910448,144.1786567,144.1786567,144.1786567,144.1786567,135.0510448
Pennsylvania,PA,2014,168.8147761,168.8147761,161.4591045,161.4591045,155.8192537,155.8192537,146.1634328,146.1634328,146.1634328,146.1634328,135.2659701
Pennsylvania,PA,2015,173.6855224,173.6855224,165.8120896,165.8120896,160.0185075,160.0185075,149.8801493,149.8801493,149.8801493,149.8801493,137.9486567
Pennsylvania,PA,2016,178.5543284,178.5543284,170.1626866,170.1626866,164.2167164,164.2167164,153.5953731,153.5953731,153.5953731,153.5953731,140.6295522
Pennsylvania,PA,2017,180.8377612,180.8377612,172.5822388,172.5822388,167.1676119,167.1676119,155.8522388,155.8522388,155.8522388,155.8522388,144.5028358
Pennsylvania,PA,2018,183.119403,183.119403,174.9992537,174.9992537,170.1171642,170.1171642,158.1067164,158.1067164,158.1067164,158.1067164,148.3746269
Rhode Island,RI,2008,,,,,,,,,,,
Rhode Island,RI,2009,,,,,,,,,,,
Rhode Island,RI,2010,,,,,,,,,,,
Rhode Island,RI,2011,,,,,,,,,,,
Rhode Island,RI,2012,,,,,,,,,,,
Rhode Island,RI,2013,,,,,,,,,,,
Rhode Island,RI,2014,,,,,,,,,,,
Rhode Island,RI,2015,,,,,,,,,,,
Rhode Island,RI,2016,,,,,,,,,,,
Rhode Island,RI,2017,,,,,,,,,,,
Rhode Island,RI,2018,264.416,264.416,264.416,252.546,252.546,252.546,226.646,226.646,226.646,226.646,145.7
South Carolina,SC,2008,,,,,,,,,,,
South Carolina,SC,2009,,,,,,,,,,,
South Carolina,SC,2010,,,,,,,,,,,
South Carolina,SC,2011,,,,,,,,,,,
South Carolina,SC,2012,,,,,,,,,,,
South Carolina,SC,2013,,,,,,,,,,,
South Carolina,SC,2014,110.1902174,110.1902174,110.1902174,110.1902174,110.1902174,110.1902174,99.5923913,99.5923913,99.5923913,99.5923913,106.1413043
South Carolina,SC,2015,117.1195652,117.1195652,117.1195652,117.1195652,117.1195652,117.1195652,105.0543478,105.0543478,105.0543478,105.0543478,100
South Carolina,SC,2016,124.048913,124.048913,124.048913,124.048913,124.048913,124.048913,110.5163043,110.5163043,110.5163043,110.5163043,93.85869565
South Carolina,SC,2017,130.9782609,130.9782609,130.9782609,130.9782609,130.9782609,130.9782609,115.9782609,115.9782609,115.9782609,115.9782609,87.7173913
South Carolina,SC,2018,137.9076087,137.9076087,137.9076087,137.9076087,137.9076087,137.9076087,121.4402174,121.4402174,121.4402174,121.4402174,81.57608696
South Dakota,SD,2008,84.79719298,84.79719298,84.79719298,84.79719298,84.79719298,84.79719298,79.55385965,79.55385965,79.55385965,79.55385965,64.06122807
South Dakota,SD,2009,88.90350877,88.90350877,88.90350877,88.90350877,88.90350877,88.90350877,83.1377193,83.1377193,83.1377193,83.1377193,73.13052632
South Dakota,SD,2010,88.61787879,88.61787879,88.61787879,88.61787879,88.61787879,88.61787879,82.82833333,82.82833333,82.82833333,82.82833333,80.42015152
South Dakota,SD,2011,89.75575758,89.75575758,89.75575758,89.75575758,89.75575758,89.75575758,83.83318182,83.83318182,83.83318182,83.83318182,86.0530303
South Dakota,SD,2012,93.96924242,93.96924242,93.96924242,93.96924242,93.96924242,93.96924242,88.42727273,88.42727273,88.42727273,88.42727273,86.3830303
South Dakota,SD,2013,98.18257576,98.18257576,98.18257576,98.18257576,98.18257576,98.18257576,93.02136364,93.02136364,93.02136364,93.02136364,86.71333333
South Dakota,SD,2014,98.975,98.975,98.975,98.975,98.975,98.975,93.61409091,93.61409091,93.61409091,93.61409091,90.33333333
South Dakota,SD,2015,99.76787879,99.76787879,99.76787879,99.76787879,99.76787879,99.76787879,94.205,94.205,94.205,94.205,93.95181818
South Dakota,SD,2016,103.7986364,103.7986364,103.7986364,103.7986364,103.7986364,103.7986364,97.89545455,97.89545455,97.89545455,97.89545455,97.05909091
South Dakota,SD,2017,107.8345455,107.8345455,107.8345455,107.8345455,107.8345455,107.8345455,101.5790909,101.5790909,101.5790909,101.5790909,100.1715152
South Dakota,SD,2018,108.4548485,108.4548485,108.4548485,108.4548485,108.4548485,108.4548485,103.5971212,103.5971212,103.5971212,103.5971212,105.1571212
Tennessee,TN,2008,103.8421053,103.8421053,97.73684211,97.73684211,90.30526316,90.30526316,90.30526316,90.30526316,90.30526316,90.30526316,40.92894737
Tennessee,TN,2009,105.8526316,105.8526316,99.09473684,99.09473684,91.94736842,91.94736842,91.94736842,91.94736842,91.94736842,91.94736842,42.52631579
Tennessee,TN,2010,110.1052632,110.1052632,103.8421053,103.8421053,96.31578947,96.31578947,96.31578947,96.31578947,96.31578947,96.31578947,47.77894737
Tennessee,TN,2011,115.9473684,115.9473684,107.4,107.4,97.8,97.8,97.8,97.8,97.8,97.8,44.63621053
Tennessee,TN,2012,117.7894737,117.7894737,109.9473684,109.9473684,98.76221053,98.76221053,98.76221053,98.76221053,98.76221053,98.76221053,47.13157895
Tennessee,TN,2013,119.2210526,119.2210526,110.8,110.8,100.4322105,100.4322105,100.4322105,100.4322105,100.4322105,100.4322105,46.98947368
Tennessee,TN,2014,122.7894737,122.7894737,111.3684211,111.3684211,100.7596842,100.7596842,100.7596842,100.7596842,100.7596842,100.7596842,47.48947368
Tennessee,TN,2015,126.0421053,126.0421053,114.5789474,114.5789474,103.2105263,103.2105263,103.2105263,103.2105263,103.2105263,103.2105263,48.36578947
Tennessee,TN,2016,129.3473684,129.3473684,122.2105263,122.2105263,109.1578947,109.1578947,109.1578947,109.1578947,109.1578947,109.1578947,50.45789474
Tennessee,TN,2017,136.3684211,136.3684211,126.5105263,126.5105263,113.3421053,113.3421053,113.3421053,113.3421053,113.3421053,113.3421053,49.81052632
Tennessee,TN,2018,142.2778947,142.2778947,137.2368421,137.2368421,119.9026316,119.9026316,119.9026316,119.9026316,119.9026316,119.9026316,52.36842105
Texas,TX,2008,,,,,,,,,,,
Texas,TX,2009,104.6981102,104.6981102,104.6981102,97.10311024,97.10311024,97.10311024,91.80417323,91.80417323,91.80417323,91.80417323,88.40535433
Texas,TX,2010,109.7047244,109.7047244,109.7047244,101.4498031,101.4498031,101.4498031,95.21673228,95.21673228,95.21673228,95.21673228,90.34409449
Texas,TX,2011,114.7130315,114.7130315,114.7130315,105.7997244,105.7997244,105.7997244,98.63334646,98.63334646,98.63334646,98.63334646,92.28724409
Texas,TX,2012,119.7188976,119.7188976,119.7188976,110.1462598,110.1462598,110.1462598,102.0438976,102.0438976,102.0438976,102.0438976,94.22559055
Texas,TX,2013,125.1773622,125.1773622,125.1773622,116.4021654,116.4021654,116.4021654,109.6377953,109.6377953,109.6377953,109.6377953,102.5761811
Texas,TX,2014,120.9846457,120.9846457,120.9846457,112.6726378,112.6726378,112.6726378,107.384252,107.384252,107.384252,107.384252,102.6596457
Texas,TX,2015,124.4334646,124.4334646,124.4334646,116.0153543,116.0153543,116.0153543,110.4917323,110.4917323,110.4917323,110.4917323,106.4185039
Texas,TX,2016,127.1761811,127.1761811,127.1761811,118.7604331,118.7604331,118.7604331,113.0925197,113.0925197,113.0925197,113.0925197,108.3234252
Texas,TX,2017,136.7820866,136.7820866,136.7820866,126.2206693,126.2206693,126.2206693,117.2035433,117.1875984,117.1875984,117.1875984,110.2911417
Texas,TX,2018,142.3687008,142.3687008,142.3687008,130.7830709,130.7830709,130.7830709,120.5045276,120.5045276,120.5045276,120.5045276,114.7336614
Utah,UT,2008,115.6972414,115.6972414,115.6972414,115.6972414,94.57586207,94.57586207,94.57586207,94.57586207,86.42482759,86.42482759,95.30137931
Utah,UT,2009,121.2696552,121.2696552,121.2696552,121.2696552,99.05724138,99.05724138,99.05724138,99.05724138,90.45206897,90.45206897,86.05
Utah,UT,2010,126.8424138,126.8424138,126.8424138,126.8424138,103.5393103,103.5393103,103.5393103,103.5393103,94.47931034,94.47931034,76.79758621
Utah,UT,2011,132.4148276,132.4148276,132.4148276,132.4148276,108.0213793,108.0213793,108.0213793,108.0213793,98.50724138,98.50724138,67.54689655
Utah,UT,2012,128.5986207,128.5986207,128.5986207,128.5986207,106.4193103,106.4193103,103.9234483,103.9234483,97.17034483,97.17034483,73.70344828
Utah,UT,2013,124.782069,124.782069,124.782069,124.782069,104.8189655,104.8189655,99.82586207,99.82586207,95.83448276,95.83448276,79.86103448
Utah,UT,2014,141.3510345,141.3510345,141.3510345,141.3510345,115.9103448,115.9103448,109.9531034,109.9531034,106.4837931,106.4837931,91.8937931
Utah,UT,2015,157.9165517,157.9165517,157.9165517,157.9165517,127.0044828,127.0044828,120.0796552,120.0796552,117.1348276,117.1348276,103.9244828
Utah,UT,2016,161.0796552,161.0796552,160.9606897,160.9606897,133.8851724,133.8851724,126.2634483,126.2634483,122.5455172,122.5455172,111.9203448
Utah,UT,2017,164.2427586,164.2427586,164.0048276,164.0048276,140.7706897,140.7706897,132.4524138,132.4524138,127.9613793,127.9613793,119.9162069
Utah,UT,2018,167.4110345,167.4110345,167.0489655,167.0489655,147.6513793,147.6513793,138.6413793,138.6413793,133.3672414,133.3672414,127.9168966
Vermont,VT,2008,138.6435714,138.6435714,138.6435714,138.6435714,131.7092857,131.7092857,129.4,129.4,129.4,129.4,120.1578571
Vermont,VT,2009,150.1964286,150.1964286,150.1964286,150.1964286,144.42,144.42,138.6435714,138.6435714,138.6435714,138.6435714,129.4
Vermont,VT,2010,161.7514286,161.7514286,161.7514286,161.7514286,157.1292857,157.1292857,147.8864286,147.8864286,147.8864286,147.8864286,138.6435714
Vermont,VT,2011,168.7535714,168.7535714,168.7535714,168.7535714,164.3292857,164.3292857,154.2057143,154.2057143,154.2057143,154.2057143,147.2728571
Vermont,VT,2012,175.7578571,175.7578571,175.7578571,175.7578571,171.5285714,171.5285714,160.5271429,160.5271429,160.5271429,160.5271429,155.9
Vermont,VT,2013,185.2235714,185.2235714,185.2235714,185.2235714,179.4071429,179.4071429,166.4307143,166.4307143,166.4307143,166.4307143,159.7721429
Vermont,VT,2014,194.6907143,194.6907143,194.6907143,194.6907143,187.2864286,187.2864286,172.3307143,172.3307143,172.3307143,172.3307143,163.6435714
Vermont,VT,2015,200.92,200.92,200.92,200.92,194.8914286,194.8914286,179.35,179.35,179.35,179.35,165.4564286
Vermont,VT,2016,209.6085714,209.6085714,209.6085714,209.6085714,202.7478571,202.7478571,191.3157143,191.3157143,191.3157143,191.3157143,168.1928571
Vermont,VT,2017,218.2971429,218.2971429,218.2971429,218.2971429,210.6057143,210.6057143,203.2842857,203.2842857,203.2842857,203.2842857,170.9292857
Vermont,VT,2018,226.9857143,226.9857143,226.9857143,226.9857143,218.4635714,218.4635714,215.2528571,215.2528571,215.2528571,215.2528571,173.665
Virginia,VA,2008,,,,,,,,,,,
Virginia,VA,2009,147.9701493,147.9701493,147.9701493,136.608209,119.0746269,119.0746269,119.0746269,119.0746269,119.0746269,119.0746269,111.6119403
Virginia,VA,2010,151.0970149,151.0970149,151.0970149,139.8880597,122.1492537,122.1492537,122.1492537,122.1492537,122.1492537,122.1492537,112.1343284
Virginia,VA,2011,154.2238806,154.2238806,154.2238806,143.1679104,125.2238806,125.2238806,125.2238806,125.2238806,125.2238806,125.2238806,112.6567164
Virginia,VA,2012,157.3507463,157.3507463,157.3507463,146.4477612,128.2985075,128.2985075,128.2985075,128.2985075,128.2985075,128.2985075,113.1791045
Virginia,VA,2013,161.9922388,161.9922388,161.9922388,149.7341045,131.2114179,131.2114179,131.2114179,131.2114179,131.2114179,131.2114179,117.8286567
Virginia,VA,2014,167.1281203,167.1281203,167.1281203,153.4182707,134.433609,134.433609,134.433609,134.433609,134.433609,134.433609,122.7590977
Virginia,VA,2015,171.8045113,171.8045113,171.8045113,156.7293233,137.3684211,137.3684211,137.3684211,137.3684211,137.3684211,137.3684211,127.443609
Virginia,VA,2016,175.0002256,175.0002256,175.0002256,160.1380451,140.3509774,140.3509774,140.3509774,140.3509774,140.3509774,140.3509774,129.5234586
Virginia,VA,2017,178.1952632,178.1952632,178.1952632,163.5461654,143.3332331,143.3332331,143.3332331,143.3332331,143.3332331,143.3332331,131.6043609
Virginia,VA,2018,181.3909774,181.3909774,181.3909774,166.9548872,146.3157895,146.3157895,146.3157895,146.3157895,146.3157895,146.3157895,133.6842105
Washington,WA,2008,198.92,198.92,167.54,167.54,167.54,147.69,147.69,147.69,122.08,122.08,104.08
Washington,WA,2009,221.77,221.77,172.96,172.96,172.96,156.69,156.69,156.69,131.42,131.42,106.38
Washington,WA,2010,244.62,244.62,178.38,178.38,178.38,165.69,165.69,165.69,140.77,140.77,108.69
Washington,WA,2011,241.04,241.04,189.12,189.12,189.12,171.23,171.23,171.23,144.35,144.35,117.35
Washington,WA,2012,237.46,237.46,199.85,199.85,199.85,176.77,176.77,176.77,147.92,147.92,126
Washington,WA,2013,303.58,303.58,257.65,257.65,257.65,213,213,213,182.88,182.88,167.08
Washington,WA,2014,369.69,369.69,315.46,315.46,315.46,249.23,249.23,249.23,217.85,217.85,208.15
Washington,WA,2015,335.5233333,335.5233333,288.0830769,287.1764103,287.1764103,232.4064103,232.4064103,232.4064103,208.8664103,208.8664103,190.3115385
Washington,WA,2016,301.3533333,301.3533333,260.7033333,258.8912821,258.8912821,215.5812821,215.5812821,215.5812821,199.8912821,199.8912821,172.4728205
Washington,WA,2017,267.1866667,267.1866667,233.3274359,230.6123077,230.6123077,198.7610256,198.7610256,198.7610256,190.9125641,190.9125641,154.6307692
Washington,WA,2018,233.0189744,233.0189744,205.9492308,202.3271795,202.3271795,181.934359,181.934359,181.934359,181.934359,181.934359,136.7902564
West Virginia,WV,2008,112.3269091,112.3269091,112.3269091,112.3269091,89.86181818,89.86181818,89.86181818,89.86181818,80.87672727,80.87672727,80.87672727
West Virginia,WV,2009,112.2569091,112.2569091,112.2569091,112.2569091,92.79490909,92.79490909,92.79490909,92.79490909,83.81436364,83.81436364,83.81436364
West Virginia,WV,2010,112.1863636,112.1863636,112.1863636,112.1863636,95.72909091,95.72909091,95.72909091,95.72909091,86.75363636,86.75363636,86.75363636
West Virginia,WV,2011,112.1152727,112.1152727,112.1152727,112.1152727,98.662,98.662,98.662,98.662,89.69218182,89.69218182,89.69218182
West Virginia,WV,2012,125.3689091,125.3689091,125.3689091,125.3689091,107.4587273,107.4587273,102.9827273,102.9827273,94.02672727,94.02672727,94.02672727
West Virginia,WV,2013,125.3336364,125.3336364,125.3336364,125.3336364,108.9196364,108.9196364,105.9350909,105.9350909,96.98254545,96.98254545,96.98254545
West Virginia,WV,2014,125.2987273,125.2987273,125.2987273,125.2987273,110.3810909,110.3810909,108.8887273,108.8887273,99.93927273,99.93927273,99.93927273
West Virginia,WV,2015,125.2634545,125.2634545,125.2634545,125.2634545,111.8427273,111.8427273,111.8427273,111.8427273,102.8945455,102.8945455,102.8945455
West Virginia,WV,2016,127.8692727,127.8692727,127.8692727,127.8692727,115.9643636,115.9643636,113.0065455,113.0065455,105.5621818,105.5621818,105.5621818
West Virginia,WV,2017,130.4738182,130.4738182,130.4738182,130.4738182,120.0852727,120.0852727,114.1712727,114.1712727,108.2309091,108.2309091,108.2309091
West Virginia,WV,2018,133.0798182,133.0798182,133.0798182,133.0798182,124.2081818,124.2081818,115.3350909,115.3350909,110.8992727,110.8992727,110.8992727
Wisconsin,WI,2008,164.5450704,164.5450704,164.5450704,164.5450704,146.6747887,146.6747887,146.616338,146.616338,137.4778873,137.4778873,131.621831
Wisconsin,WI,2009,165.8838889,165.8838889,165.8838889,165.8838889,149.3915278,149.3915278,149.3309722,149.3309722,138.8802778,138.8802778,131.9551389
Wisconsin,WI,2010,171.1265278,171.1265278,171.1265278,171.1265278,155.3515278,155.3515278,155.255,155.255,141.7654167,141.7654167,134.9466667
Wisconsin,WI,2011,167.7659722,167.7659722,167.7659722,167.7659722,152.24625,152.24625,152.24625,152.24625,144.0626389,144.0626389,135.5809722
Wisconsin,WI,2012,176.48125,176.48125,176.48125,176.48125,158.5048611,158.5048611,158.5048611,158.5048611,147.9166667,147.9166667,140.0604167
Wisconsin,WI,2013,179.5156338,179.5156338,179.5156338,179.5156338,162.6791549,162.6791549,162.5712676,162.5712676,151.1611268,151.1611268,143.1553521
Wisconsin,WI,2014,182.0359155,182.0359155,182.0359155,182.0359155,166.2397183,166.2397183,166.0243662,166.0243662,153.9416901,153.9416901,145.6150704
Wisconsin,WI,2015,187.8602817,187.8602817,187.8602817,187.8602817,168.5977465,168.5977465,168.4670423,168.4670423,156.3895775,156.3895775,146.8002817
Wisconsin,WI,2016,191.2722535,191.2722535,191.2722535,191.2722535,171.3747887,171.3747887,171.2704225,171.2704225,159.5591549,159.5591549,150.811831
Wisconsin,WI,2017,194.6838028,194.6838028,194.6838028,194.6838028,174.1508451,174.1508451,174.0725352,174.0725352,162.7283099,162.7283099,155.34
Wisconsin,WI,2018,195.4789855,195.4789855,195.4789855,195.4789855,176.5014493,176.5014493,176.5014493,176.5014493,161.75,161.75,151.515942
Wyoming,WY,2008,,,,,,,,,,,
Wyoming,WY,2009,,,,,,,,,,,
Wyoming,WY,2010,,,,,,,,,,,
Wyoming,WY,2011,,,,,,,,,,,
Wyoming,WY,2012,,,,,,,,,,,
Wyoming,WY,2013,,,,,,,,,,,
Wyoming,WY,2014,159.6630435,159.6630435,132.4047826,132.4047826,130.7482609,130.7482609,134.3973913,134.3973913,134.3973913,134.3973913,99.36217391
Wyoming,WY,2015,152.1813043,152.1813043,133.4517391,133.4517391,128.7691304,128.7691304,128.7691304,128.7691304,128.7691304,128.7691304,102.7417391
Wyoming,WY,2016,147.3152174,147.3152174,134.4969565,134.4969565,129.4113043,129.4113043,125.6486957,125.6486957,125.6486957,125.6486957,111.0743478
Wyoming,WY,2017,142.4495652,142.4495652,135.543913,135.543913,130.0534783,130.0534783,122.5278261,122.5278261,122.5278261,122.5278261,119.406087
Wyoming,WY,2018,137.5852174,137.5852174,136.59,136.59,130.693913,130.693913,119.4065217,119.4065217,119.4065217,119.4065217,122.7843478
Grand Total,,,145.9306087,145.9299771,142.7693625,139.8209969,130.4827678,128.2984745,122.1976819,122.1971924,120.1148485,120.1151664,101.2342525
